user_id,username
0,Assasinotaku
1,-q_q-
2,keitaru_11
3,121212
4,--Muffin--
5,AlexAnder3725
6,Futhalero
7,Aikawa_Yuji
8,-Accelerator94-
9,-Sabre-
10,-Jessaleja
11,Isot
12,clydeandbonnie
13,Andysa
14,nonokiii
15,aaravcado
16,Mandragon
17,-Bear
18,Alairai
19,AdventurerAldo
20,AverySageKnight
21,Arto13
22,-Gremory_
23,Aimys
24,-Caxtelinho
25,adamm88
26,Cutebunny6
27,ashigaru_anime
28,AlucardHellsing7
29,AdriHime
30,--artorias--
31,Andromeda
32,-Ecliptix-
33,Ahmad317
34,BluSkx
35,Amenophyckxs
36,Abdal-204
37,-606
38,2322
39,2ndchannel
40,AkatsukiUlquiora
41,-daijoubu-
42,andreea_
43,-Ryoto-
44,marcin22
45,anthi-light
46,ager
47,-Hiroshi-
48,HiddenSwan
49,ignacio694000
50,-AsianOtaku-
51,DarkLord1909
52,Ahasuerus
53,-AdrianJay-
54,animedreamer
55,Ahxxn
56,angel_X3
57,agus_lu0
58,BakuKafuu
59,aLni07
60,-shad-
61,Cibyy
62,AquarionLife
63,aayalan
64,ange06_
65,babyjazzy
66,2OuSSama19
67,Asti_Neko
68,alpaytuncer
69,alex12082000
70,-Retsu-
71,-Chilly
72,-Haiden-
73,Afoxy
74,animestarts99
75,-AlexL-
76,gulabi
77,Altethee
78,Akasagarbha0
79,Amulet_Heart
80,Abunai_Shadow
81,Akemi-chan
82,-Truth-
83,-inactivealien-
84,Chizuru94
85,-Kr1L3-
86,DarthHemera
87,CMRulZ
88,--Tapioca--
89,AnimeEnthusiast6
90,BimaSylirian
91,00andz00
92,animefan333
93,aeyizhuo
94,-Sato-
95,-90slevi
96,britmiche
97,jokinen
98,A-R-I-A
99,20XXNostalgia
100,-Kyo
101,-Cian
102,Laciie
103,AyakoSonomura
104,-candy17
105,aannie
106,-Artoria-
107,Akaike
108,BakuKemono
109,aferrari
110,ArikawaMisaki
111,Ito_003
112,-Elliott-
113,Chouquette
114,Ahiru229
115,-Boba-
116,Azure_and_Claude
117,Hibbington
118,Alpman
119,Anise_Punter
120,LuminaFlare
121,-Arima
122,al-sama
123,-Blaidd-
124,AbibGuardian50
125,ahmed_dargot18
126,-Burp-
127,elta
128,H-Erotama_NKO
129,-GOAT-
130,Acelora_Orion
131,abhutrash
132,ChillOtakuBRL
133,727
134,Naomi18
135,-Karoshi-
136,AdrienMelody
137,00_2
138,ADumbName
139,allhailking
140,12TreeMan31
141,0trxx
142,aldifebrian
143,CamixZz
144,aggfr2
145,Pioneer_UK
146,ahmedrafi
147,alex0118
148,Cartier117
149,angels8
150,GenesicKaiser
151,-Karkat-
152,BadFac3
153,-Perverted-
154,Anteatery
155,Kira_queen_55
156,Aikee_chan
157,hunterxsher
158,3xplicit
159,BLAZIE-
160,BoGhDaN
161,Ashiq_Kadar
162,cossake
163,Jbenasss
164,aiste789
165,8-bit
166,Amirhossein56
167,-Amon
168,Ahyan
169,0zii
170,asif105878
171,acaCZV6
172,2Friend2
173,-Based-
174,Anime_OwO1
175,-KairuX-
176,Alwarja
177,albertexiste
178,Araberu
179,Carol
180,Abacate_Gamer
181,2hookahsn8ball
182,abrva
183,AstridGr
184,ALPyron
185,AnimeAnima
186,Akataken
187,Daianmoi
188,-Bakemono-
189,Ahegao_Megumin
190,--YURI--
191,-Eva-
192,-Ketsueki
193,0001212232432
194,-HippySnob-
195,Aerteha
196,AinoKanade
197,haiimonobear
198,-Andrei79-
199,-DeepWeeb-
200,Abdo1212
201,falcon202020
202,allyenigenas
203,-Commander-
204,cruentos
205,Akarix
206,2KD-FTV
207,AngelKitsune
208,109Rin
209,-DreamerQ
210,5nanometers
211,Akunin
212,Lecxa17
213,aisakahimegami
214,-MisT-
215,cutiep809
216,AnimeFriidu
217,4dreil
218,amyinredmoon
219,0ctob3r
220,963Q_karin
221,-Fear
222,Arrakis25
223,-embelle-
224,Anindya007
225,-Bass
226,H4NN3SS
227,-Canary-
228,-kuri
229,AzumiOctania25
230,123BlackGuy123
231,Anime_Snail
232,-Fuwaketsuu-
233,Captain_Shunsui
234,chuwaa
235,Elfinstones
236,aishiteruakuma13
237,disappearingboi
238,ayaka_enjoyer
239,Anatchy
240,-FuruyaRei
241,Heidi83
242,Allografter
243,Hirieoshi
244,Eclipse
245,315peen
246,---KING---
247,AndoCommando
248,Aceofbattles1204
249,Ackerman_19
250,Alassea
251,acidtreat101
252,Aliesiar
253,-Aria-
254,Monstrousity
255,Aioban
256,-lunareclipse-
257,2time
258,0Zu0Ra0
259,EspadaStark001
260,ALovelyTsundere
261,AkumaQueen
262,-windby-
263,aRi1_01
264,AAAbreu88
265,MKrone
266,IBN5100_
267,Link___
268,Neo____
269,7wikd
270,Allice84
271,-Multi-
272,ablush
273,7pageora
274,--Shinobu--
275,-Kael
276,-art
277,dogan
278,EmperorKaido
279,Akselerator
280,Masterbrawler
281,Chopper0610
282,-Ackerman
283,--alexis--
284,990112ms
285,Asphalttt
286,Hiina
287,-Musouka-
288,MahoudXx2010
289,Artdoroki
290,AceTheKidd
291,Apple-koi
292,2Doomy
293,Asra98
294,-Ariaaa-
295,BananaIce
296,10969_Valentine
297,-Megara-
298,-3L1xiR-
299,ajhatter
300,IpreferEcchi
301,albumen
302,Almonds
303,-Rayne-
304,1poxy
305,adm100388
306,AceyyIsCool
307,aerona_angel
308,-Naive_Artist97-
309,--Dark-san
310,AstaIsThicc10
311,-BosanTampan-
312,anglsribbon
313,alexwithcandy
314,LuciferzRage
315,AnasTensai
316,AnosVoldigoad985
317,Apis_Mellifera_
318,ErenThePurifier
319,-Muhammad-
320,Honrychamp
321,-Artix
322,an_appleyeahhh
323,Alekseyix
324,Ava-san
325,AnimeArcLord
326,4ti
327,-Mention-
328,Haise_Frost
329,Agus_Gomez02
330,Ab_Killa17
331,akromataof
332,-ishi
333,ActuallyPaco
334,0cchipinti
335,-Des-
336,Bakarrik
337,AlbertinoDias
338,AFJ
339,aikaflip
340,LePiratePapi
341,Anipenguin
342,Acid-Moon
343,-Kawaii-chan-
344,-Kaede-
345,AnubisKahatashi
346,69BigChungus
347,BarbaraDrogo
348,anklee
349,-_Lion_-
350,6x6
351,Adatius
352,-Aero-
353,-aejay-
354,Actaeron
355,-Lukz
356,Aeidxst
357,Agumon
358,-DarkWave-
359,666White_Wolf666
360,Ayiiucat
361,alyagobrr
362,Akarin
363,1xa5
364,-Luk134-
365,ayasusaya
366,adzetto
367,-khara-
368,Alphakennybody69
369,AnimeFan500
370,Caskta
371,Cyrberus
372,AniMangaRocks
373,-Hakun-
374,ataberk_azleter
375,blackkrabbit_
376,aeroanch
377,abystoma2
378,AbhinavDhiman
379,---DANIEL---
380,Henovarose
381,brownradish
382,Billy_Griean
383,05Nathan
384,-feyisayo
385,1Zero_A
386,Alw1n
387,LaceyKuroki
388,AchromaticRaven
389,Black1997Reaper
390,AdorableGoblin
391,Careless
392,0451
393,GenKiDamaSama
394,-Animewikia-
395,AeMbIrYo
396,AndreiSenpai2003
397,12thSeeker
398,-Isa-
399,10_Hiro
400,-MILOX-
401,MonkeeDan
402,-Ema-
403,a105
404,AlinaSweet7
405,Blank_67
406,-rosycrystals-
407,-Denki-
408,alonedarkk2
409,Bizz_
410,AniLife999
411,Anika05Suki
412,AlmondTofu13
413,DeltaEightyEight
414,amakki
415,-_Kuromi_-
416,hyrulemaru
417,-Goblin
418,-HoneySenpai-
419,kattheseers
420,neonluckystar
421,Ace_Angel
422,Alexa_Martinez14
423,BAKEON
424,-Koku
425,Aioi
426,AlainDebard
427,Aer0ndighT
428,A5K
429,Aur0ra
430,Akash_Gujju
431,-myste
432,ExiL_H
433,Anime_Sucks
434,-Banshee-
435,Acrossma
436,-Envy-
437,0000345453
438,basedprimee
439,AcidHearts
440,cilu
441,1sla
442,Datenshi_Gyrados
443,3DSlover
444,bobobobobobobob
445,-Arifin
446,-Alexa-
447,Moune-Chan
448,Angae
449,Adampk
450,-BlackStar
451,Akanexxchan
452,--Mai-Syndrome--
453,Aglenn
454,Dollar_G
455,Alokin
456,Chendroshee
457,animebaby_00
458,0OoEveoO0
459,aenp07
460,aaantoo
461,3miL
462,aethertech
463,Acia
464,-Natsumi-
465,0Lydia0
466,animebirb
467,100_Percent_Real
468,KittenCuddler
469,Azumeong
470,Bakugo007
471,Klefki_of_Awsome
472,Akane_renji
473,666ValerieLee
474,--Dawn--
475,-chronos
476,alshu
477,bogithe
478,-Facktack-
479,Buget_otaku
480,AmakusaKaichou
481,angel_asmaria
482,AmuletGrace
483,Airon
484,Hitsu426
485,avalanchyn
486,Anime_Veteran66
487,airyballoon
488,AlexEarth
489,AmriusPrime
490,Adrybone
491,animelly
492,-Deoxys-
493,-applejack
494,--Tsubasa--
495,0Shade_
496,Berkay-E
497,anck-su-namun
498,Ace125
499,-Lara
500,Aizu12
501,Comixs
502,Aramiz45
503,-Asterisk-
504,-kuroneko-
505,Acidproof
506,-Grrzl
507,bokuto____SAN
508,Ademox31
509,adiko0
510,aremarf
511,austinnom
512,-Subaru-
513,1L0can0
514,-Flaky-
515,2D-chan
516,-Payne
517,Airiis
518,arrogant-child
519,alex264
520,15arisa93
521,0Xerxes
522,LittleStar
523,Ahlisa-senpai
524,Cam04
525,Eastern_Otaku_14
526,Avirmed
527,Lysander20
528,-CeCe-
529,ABigChungus
530,-YaniHan-
531,-Anya-
532,antpia_05
533,Ainz_Lewis
534,AleAlexis
535,anarakel
536,GurrenGeass
537,Bambouxd
538,-endy-
539,1iq-Salty
540,Akshel
541,AdmiralScarlet-
542,-Black-Reaper-
543,AerEuphieWalker
544,AnxietyIssues
545,aifydimensionia
546,5hreyash
547,Akame2003
548,4johannacallanta
549,-Tomoyo-
550,17edwins17
551,Akuzumara2
552,AfroThundr
553,arrivedercixox
554,-Ghosxuto-
555,1ncoley
556,FinalGetsuga
557,-Animosity-
558,AdityaIronman
559,js_Vegnagun
560,AngelRaf
561,-Katana-
562,--Milo--
563,hoemoes-senpai
564,-KoNaChan-
565,-Neph-
566,Cybocs
567,-Ryuei
568,Kyon974
569,Chagneau
570,bashira_sensei
571,aintania
572,CallMeeJayy
573,ajkshjasdhb
574,74N4Y
575,BigBlackRose
576,HentaiPharaoh
577,190cm
578,aly_angelflight
579,-it4chi-
580,AIVION
581,Alsan816
582,11937
583,Aerblade
584,AlexieLMicahelis
585,cyler
586,-gatarii
587,Cinna
588,3wer
589,1hpDrew
590,krispringle
591,Coolest1234D
592,-algorithm-
593,-Yatagarasu-
594,NomineMalum
595,---Zeref---
596,Aaai
597,02_RK
598,-Rin-
599,-Holy-Trinity-
600,Bren
601,56709
602,Genryuusai
603,Baelanar
604,000_Asyl
605,Corrout
606,AddaeAkono
607,adam_the_weeb
608,Aj1991
609,alexulter
610,09Nanee
611,7up
612,-Aozora-
613,-DanZo-
614,-DangoTango
615,-abdull-
616,-Cricket
617,Anrin_
618,alexgoesomg
619,Abursan
620,annaxxxxxx
621,1ka7a
622,Aisza
623,AbbyVon
624,Francis_0
625,Bunille
626,0LUk
627,Aeradae
628,AhmadMysra
629,-asphyxia-
630,alex_skyblue
631,666destiny
632,-BrokenHeart-
633,-Animewatcher-
634,-iikrystal-
635,aa-dono
636,aecyia
637,--Andrea--
638,Aayira13
639,Amrit-2020
640,alexackerman2512
641,-Droid-
642,--Kenshin_
643,minagawasan
644,aiai12
645,deufo
646,apple5
647,-heyitsme-
648,Abuzzplayer
649,BlackArrow39
650,Futaslayer
651,-Amine-
652,AkameIsMyWaifu
653,Acheron
654,-BlueRose-
655,Ambxsh
656,-Donna
657,angel_hearted
658,animebookofash
659,0927123
660,618551312
661,-CE-YuiAzu-1212-
662,DaiKyokatsu
663,AACritsina
664,EliasGC
665,ANTIENTROPY
666,adorablyblush
667,-Mei-
668,-Neiru
669,Alekki_kun
670,AGNE_RAPALYTE
671,Ak-47
672,cediepajanil14
673,AkaiKiri
674,0KayaChan0
675,-Asuna
676,NeonSkeleton
677,-B-
678,asaderu
679,Ahmed_KD
680,Ajdamko
681,Aneporly1
682,23feanor
683,--RIE--
684,JackMehoffPls
685,adam4145
686,Angstyvirgin
687,666wickey
688,aaimz14
689,AlwaysTheBackup
690,Agnatio
691,-Akiru-
692,Allre
693,-PK
694,-euphoria-
695,--KATAKURI
696,azmyyyr
697,Andrjuha
698,Aliege129646464
699,aceoptimum_01
700,AisuKriimu
701,-Azer
702,Aburiru
703,Berserker-01
704,1175
705,4iki
706,atlas_skaii
707,AkiNoAkuma
708,4b1
709,Admiral_Krampus
710,novio
711,Amelix
712,BlueSkylark
713,adv3nta
714,AFWQ
715,akahoshileo
716,AxeApollo
717,addicted2Fate
718,-Mitsukii
719,-Jefuri-
720,Absent_kun
721,-PANCHIKO
722,aweebrar
723,Aidanator14
724,asuka375
725,Carli0p
726,anaas567
727,-alex-559
728,Ansleigh2_
729,ChronosAunkon
730,Aditya-34
731,-Rena-chan-
732,Arizhel07
733,--DEATH---
734,adeline131
735,Grell-Sutcliff
736,-Mimsy-
737,akutasame94
738,-Heartthrob
739,Astroli
740,DeadZer0ne
741,-PJ-
742,Agustinn
743,Aadriel23
744,--Natsukashii--
745,adorrabelle
746,-Lyka-
747,Bluagrana33
748,-Astra-
749,adriokus
750,Alakara
751,-DenisaHatake-
752,alexa_teddy
753,an-anniee
754,Awa_Zuki
755,-Shizuna-
756,-Doctor-
757,-ARMIN-
758,-Azuki-
759,arashikuroyuki
760,Akree
761,Aurtemis
762,-SeVenUp-
763,-Hyperion-
764,-Nekomo-
765,AliciaTerret
766,ahin
767,albycocco
768,Aezile
769,MasterHavik
770,alsoknownasrey
771,-Luthien-
772,AceOfSpade
773,adka16
774,Alfaman88
775,aleraichu
776,Akuma_Blade
777,AislinLF
778,Iru094
779,Agabey
780,asuramaru1
781,AccipiterF1
782,GjStyles
783,-_Yumi_-
784,Akamesoul
785,ANW
786,AbsentGamer1
787,Aguus
788,jpvillaruz
789,A-Zone
790,BroccoliBoii
791,Bluekoinus
792,-Saturn-
793,Aniulka1126
794,-Elegy-
795,-Haruka-
796,barbaratrull
797,Healtress
798,damxhunter
799,Aleynah
800,Ange-Beatrice
801,goonhoon
802,-L1NK-
803,belxfran-tsu
804,agentfahim47____
805,AshShadow
806,Ademnim13
807,Guts1506
808,Algorithm
809,2andahalfDgang
810,Crow_Black
811,00Raiser
812,-amu-
813,HinamoriAmu37
814,crosswithyou
815,AdilettenBob
816,--Hasuki_Komai--
817,CitrusFriend
818,akio19
819,-Jinxren-
820,0SHIHAB0
821,00Roys00
822,AncientDays
823,AfterlifeInsane
824,-Guren-
825,-cutthroat954
826,ARGANAUGHT
827,024
828,-HoneyDrops-
829,0Erickitxo07
830,--Magma--
831,alex_fishers
832,adrianaaliece
833,Alan_Sempai
834,AthenaFyr
835,Agentx49
836,-wei
837,Gojira415
838,1kinji
839,-T-Senpai-
840,-Agonia-
841,azii444
842,---Adina---
843,Imamul-Kabir
844,Aidan
845,-Arkson-
846,Amalouu
847,HoloisHolo
848,-akiira
849,0074Master
850,Blind_Monkey
851,animeoneguy
852,-Matyr-
853,-Yato-
854,adriann22
855,12Emiko12
856,---Spartacus---
857,-eWf
858,Amanojackass
859,-Kirino-
860,Adadd
861,0_0048
862,-synix-
863,bhuvan_p_raj
864,-nana_
865,AfterSchoolSAN
866,0Malaya0
867,-Allison
868,Baka_Nima456
869,Akiraroyt
870,-BlankBG-
871,Amainyu_Katana
872,--Mon--
873,-_-AL1CE-_-
874,Moonspeak
875,AoTenshi23
876,1Danbored1
877,-Knightingale
878,AlexeiPorfir
879,-Jintan-
880,-ctk-
881,4b5trs4etrwe4rtg
882,0Cells
883,-Cheesecake-
884,Ayan_Mahboob
885,7cupcake
886,-darkn
887,ErichanNeko0021
888,-Airin
889,Chouchakun
890,-aman-
891,96tsubasa
892,Hazukirin
893,alexandra9998
894,226100
895,Abraxas1
896,-Dawn-
897,-Akirion-
898,Adeptt
899,-Izanagi
900,0_Charlotte_0
901,AceSoldia
902,Ana_Suzuya
903,-Ayu
904,Anime20100
905,-ISHTIAK-
906,Avizhekkk
907,-Dementhia-
908,FarhanNfs
909,AndreaT
910,chibikurosaki
911,54bubbles
912,3mo
913,AkeZZZ
914,Lana_Fair
915,altras
916,LeighV1
917,AkenoissWifu
918,Angus
919,-MariaM-
920,-Len-
921,-Frigo
922,33orion77
923,acidicmeek
924,EmperorSide
925,BBally
926,almightyshiva
927,Ame-Yume
928,A1ZEN_SAMA
929,Alexis290
930,AurianR
931,-Hina-
932,adrykof
933,antilemonzoid
934,Bananahoyhoy
935,Aritan
936,-Amnesia
937,0__Raven__0
938,AvatarTrix
939,Beauxite
940,ie_above11D
941,-danny-
942,alfazeroneko
943,Admiral_AnimE
944,Akkasaki
945,AngelRin
946,CarpetSquare
947,Amaya-Kiro
948,mwinner
949,Other_Brian
950,alliefantasticc
951,ana_haruno
952,-fefo-
953,-Joe
954,adamdevil46
955,-AlexandruS-
956,-Midnight-Jinx-
957,A_Tilted_Mango
958,Chellle
959,-Blunk-
960,666_lein
961,8night_light
962,akashikuroko0411
963,MizukoAoki
964,0jama-rainbow
965,agusgonzalez96
966,-Jake-
967,Airenee
968,ai_schxx
969,-Mahou
970,huntedbymogwai
971,AngelGoddessYui
972,BIGbirthgiver
973,AllanT329
974,kuronichi1419
975,Bankai0010
976,-Dullahan
977,An00biz
978,-AkagiChan-
979,ad33
980,BuritoBison
981,Anime-Utopia
982,Ahheugeo
983,Aaron08
984,-Cuddles
985,Adithakd
986,ARMINSWHRE
987,000mohit
988,ainberrie
989,-arian
990,-Cyrille
991,-Lucian-
992,Gween_Gween
993,-Otaku_SK-
994,Chris_Concept
995,Aides64
996,Amprii
997,--_x
998,AllenViic
999,einschlx
1000,Dachitosoru
1001,abotreika
1002,bard_loen
1003,Desolated
1004,Did1268
1005,88888888
1006,Ains1800
1007,AllyAnime101
1008,-Dango_
1009,Dzela_666
1010,-blacksheep
1011,amanitvam
1012,-Av4loN-
1013,7Kiritoluna7
1014,civter
1015,JediPadawan2001
1016,Cholives
1017,lord_02
1018,akko_chan
1019,alumbria
1020,-AnimeOwl-
1021,-Erikku-
1022,-gintoki
1023,Alastya
1024,Cloughy04
1025,AKey12
1026,ChibiGemz
1027,boku0
1028,AhZAI
1029,-kinia-
1030,la__glace
1031,Lottorea
1032,-budnick-
1033,aerospastic
1034,Blazic
1035,-flag-
1036,Akagi-han
1037,gyohl
1038,Amichann12
1039,--NoOneCares--
1040,-Funland-
1041,20Dumpling
1042,Aegon88
1043,AndemiAndersson
1044,ABHEE_OP
1045,neutrals
1046,Cyan_Sturluson
1047,Anaia
1048,AugustW
1049,kittie24
1050,alicemiriel
1051,genesisinfinity
1052,Alzeria
1053,9Hayate
1054,adrian_weini
1055,-Araragi-
1056,Claymansfortress
1057,-FourDauntless-
1058,jyuuinnim
1059,Deadaccount2974
1060,Ayb_Jbl
1061,3DEpic
1062,pryout
1063,A1phA
1064,-Kendall-
1065,Crexy
1066,Astrollyth
1067,Angelstorm
1068,Ange
1069,-Diva-
1070,23feltrind
1071,3A9IC
1072,Alexenpai
1073,aamy_02
1074,-Dain-
1075,Aka_kenshi
1076,--Sunny--
1077,-techman-
1078,an1ca
1079,Aka0ni
1080,0906DDejunk
1081,ashura_0
1082,DrBozoralf
1083,ap3897
1084,-Andre-
1085,Anaideia
1086,ADRHSL
1087,2434
1088,1AMADEUS
1089,Azmodes
1090,-Fuyu-
1091,Crimsonpool
1092,-Loser-
1093,Glarien
1094,-Kimiko-
1095,absortio
1096,ajurbanista
1097,1fooo1
1098,AoiAElun
1099,-Dusty-
1100,Agustin_Vayne
1101,-Aondor
1102,-KetsunoAna
1103,Alabaster
1104,-N3R0-
1105,-Chazz-
1106,ErenYeager_69
1107,AkiraZFuji
1108,AidenHikari
1109,-Ryouko-
1110,MrBrawlz
1111,albrespy
1112,--Mercy--
1113,asshatdotorg
1114,jrld99
1115,AdityaSenpai69
1116,-Sasaku
1117,-aochii-
1118,0vershield
1119,alexyaboii
1120,C-Nightmare
1121,BIGMitch95
1122,lucas33
1123,4nimehunter
1124,Adam_
1125,1assata
1126,Allaji
1127,censcella
1128,Akshat_15
1129,-Nicknvs-
1130,-darkknight-
1131,Andrew114
1132,aroufgangsta51ae
1133,Koori-san
1134,-Empty
1135,42Yume_mp34
1136,-so-
1137,-Colorz-
1138,Archaeon
1139,ArcticMech
1140,allysonbca
1141,alfons_88
1142,Alureya
1143,Aoun_
1144,Axemaster18
1145,-Abhishek-
1146,Anna_mmm
1147,-Grand_Grievous-
1148,25Pancake
1149,-Dizzy-
1150,aerithclode
1151,-Zeaos
1152,Anurag69
1153,AngryPotato34
1154,Athakra
1155,akitoshinonome
1156,-Hiyo
1157,ChapsTheDuder
1158,advsyou
1159,aerlinniel
1160,japaneseuke0123
1161,aikeimeii
1162,CrimsonThunder
1163,0taku_desu
1164,AnimeNerd99
1165,ANN-abunai
1166,archiwatchsanime
1167,6pillDaTii
1168,marek22
1169,-City_Hunter-
1170,-Kurinto-
1171,Angyat
1172,Aerie
1173,-ArchAngel
1174,adods
1175,-ARIZONO-
1176,alex_n_2802
1177,Abojrsarang
1178,AltostratuS
1179,BOCCHIBOCCHI
1180,-Kaifa-
1181,-Caio
1182,189x
1183,7starkiller99
1184,682x
1185,Alpinecone
1186,Alixana-
1187,1-31
1188,HIgh-Quality
1189,ACE-99
1190,Aidsvirus
1191,AllyyyyPabo
1192,-_Edg3l0rdO24_-
1193,kvicky05
1194,Anil_Eleric
1195,-silas-
1196,-GAKIATSUKAI
1197,-Elly--chwan
1198,-Arcane-
1199,ColoniaMurder20
1200,AltPlusDel
1201,-Mooners-
1202,Bowja
1203,Airy
1204,170RheaRhea
1205,Aphelion
1206,-R
1207,AESZero
1208,Bring87
1209,Abbiigail
1210,Adimus_prime
1211,-Handcrafted
1212,-aka-
1213,-andrew
1214,alexsycho
1215,Akanishii
1216,-Kiyu-
1217,3gg5alad
1218,--OZ--
1219,0Said
1220,123AnneMarie123
1221,aimeramie
1222,-Nikara-
1223,am_sensei
1224,1Ducktape
1225,1997AzizAli
1226,Angel_FG
1227,-Heika
1228,Allegedshrimp
1229,-Eirudy-
1230,5ultan
1231,-Lamy-
1232,Armani101
1233,ashley_uwu
1234,-Craw94-
1235,247Eyes
1236,Mywifesson
1237,04122008
1238,Anakin1981
1239,Animebodypillows
1240,AkujiVG
1241,deathmetalman
1242,Agent807
1243,4lenMoon
1244,ameliya
1245,HollowNightWolf
1246,AcademicOtaku18
1247,Adonis__oo
1248,Abejundia
1249,Alara_usagi
1250,Jimmymen767
1251,belaid79
1252,Angelatte
1253,5ft3StillPackin
1254,AbsoluteZero_94
1255,llamall
1256,AllyBit
1257,Airqn
1258,-Kai
1259,Grimmjow03
1260,39thgunslinger
1261,ab_gata
1262,aizuki
1263,Amai_yume
1264,11256
1265,Antalk
1266,AbbyYata
1267,0m3g413
1268,0Mikazu0
1269,-FlareX-
1270,Acropyre
1271,1Bleeschyyy
1272,Aimond7
1273,aaussstin
1274,AIMDaAlien
1275,0ddpycxo
1276,adi222
1277,AccelFrenda
1278,acrylic_metal
1279,00Qant
1280,-PokemaniaC-
